question_text,Option_A,Option_B,Option_C,Option_D,correct_answer,domain
"A standard-cell library is constrained so that only one universal gate family may be used to build an inverter, AND, and OR functions. Which gate family is sufficient by itself?",AND gates only,OR gates only,NAND gates only,XOR gates only,C,digital_design
"During logic optimization, the expression NOT(A AND B) must be rewritten so it can be implemented as two input inversions followed by one gate. Which expression is equivalent?",NOT(A) AND NOT(B),NOT(A) OR NOT(B),A OR B,NOT(A OR B),B,digital_design
"In a timing review, a storage element updates whenever enable is high, while another samples data only on a rising clock edge. Which distinction is being described?",Latches use less power than flip-flops in every implementation.,"Latches are level-sensitive, while flip-flops are edge-triggered.",Flip-flops do not have clock inputs.,Latches are combinational and cannot store state.,B,digital_design
A datapath must select exactly one of 16 input buses using a binary select field. What is the minimum number of select bits required?,2,3,4,8,C,digital_design
An ALU designer wants subtraction to reuse the same adder hardware by adding the negated second operand. Which signed-number representation best supports this?,Sign-magnitude,One's complement,Two's complement,Gray code,C,digital_design
A FIFO pointer must cross into another clock domain. Why is the pointer often converted from binary to Gray code first?,Gray code automatically corrects all multi-bit errors.,"Only one bit changes between adjacent pointer values, reducing multi-bit sampling ambiguity.",Gray code uses fewer bits than binary for the same count range.,Gray code makes the FIFO memory faster to read.,B,digital_design
A 4-bit unsigned status bus reads 1011. A comparator asserts when the value is greater than decimal 10. What should the comparator output?,"Not asserted, because 1011 equals decimal 9.","Asserted, because 1011 equals decimal 11.","Not asserted, because 1011 is a negative value.","Asserted, because any value with MSB = 1 is greater than 10.",B,digital_design
A register file uses a 3-bit address to enable exactly one of eight write-enable lines. Which combinational block directly produces this one-hot selection?,Multiplexer,Decoder,Encoder,Magnitude comparator,B,digital_design
"In a static CMOS inverter, the input transitions high and the output must be driven low. Which device behavior creates the low output?",The PMOS turns on and pulls the output to VDD.,"Both PMOS and NMOS stay off, leaving the output floating.",The NMOS turns on and provides a pull-down path to ground.,The inverter output is determined only by load capacitance.,C,digital_design
"A Verilog module describes registers, next-state logic, and arithmetic operations before technology mapping. Which abstraction level is this?",Resistor-Transistor Logic,Register-Transfer Level,Ready-To-Layout,Run-Time Logic,B,digital_design
"A combinational signal glitches briefly after a clock edge but settles to the correct value before the next setup window. In a properly timed synchronous path, what happens at the destination register?",The register stores every glitch that occurs between clock edges.,"The register samples only the value present at the active clock edge, assuming setup and hold are met.",The clock automatically stretches to wait for all glitches.,The flip-flop becomes permanently damaged.,B,digital_design
Which output is expected from a synthesis tool after it maps RTL to a target standard-cell library?,A routed physical layout with final metal shapes,A technology-mapped gate-level netlist,A completed silicon wafer test report,A parasitic extraction file generated from final routing only,B,digital_design
An FPGA receives one serial bit per clock and must present the last 8 received bits simultaneously to downstream logic. Which structure is most appropriate?,Shift register,Priority encoder,Magnitude comparator,Tri-state bus,A,digital_design
A byte is transmitted with one even-parity bit. What does the parity bit primarily help detect?,Data compression opportunities,"An odd number of bit errors, especially a single-bit error",The exact bit location of every error,All possible two-bit errors,B,digital_design
"Several open-drain devices share a pulled-up interrupt line. If any device pulls the line low, the shared signal becomes low. What logic behavior does this create?",Wired-AND behavior in active-low form,A short-circuit that is always destructive,Analog voltage amplification,Frequency multiplication,A,digital_design
"A one-bit adder stage receives A, B, and Carry-In from the previous bit. Which outputs are required to chain this stage into a wider adder?",Only Sum,Sum and Carry-Out,"Sum, Difference, and Borrow",A and B forwarded unchanged,B,digital_design
"A 4-variable K-map labels columns as 00, 01, 11, 10 instead of 00, 01, 10, 11. Why is this ordering used?",It sorts cells by ordinary binary value.,It makes adjacent cells differ by exactly one variable.,It prevents all dynamic hazards automatically.,It eliminates the need for Boolean algebra.,B,digital_design
A Verilog register is never reset or initialized before simulation reads it. What value should a four-state simulator typically show before the first assignment?,0,1,x (unknown),z (high impedance),C,digital_design
"A data input changes too close to the active clock edge of a flip-flop, violating setup time. What is the most likely functional risk?",The circuit runs faster because the data bypasses delay.,The output may become metastable or resolve unpredictably.,The clock frequency automatically decreases.,The flip-flop is permanently destroyed.,B,digital_design
A single-bit enable signal crosses from a slow asynchronous domain into a faster clock domain. Which structure is the standard first choice to reduce metastability risk?,A large combinational delay buffer,A two-flip-flop or multi-stage synchronizer in the destination clock domain,A differential analog receiver,A stronger source gate driver only,B,digital_design
"In an FSM review, the output equations are driven only by the state register bits and not directly by external inputs. What type of FSM is this?",Mealy FSM,Moore FSM,Purely combinational decoder,Asynchronous state machine with no clock,B,digital_design
"A combinational output should remain at logic 1 while one input changes, but it briefly dips to 0 due to unequal gate delays. What is this called?",Static-0 hazard,Static-1 hazard,Dynamic hazard,Clock hazard,B,digital_design
A two-level SOP implementation has a static-1 hazard between adjacent K-map groups. Which change most directly removes the hazard?,Reduce the system clock frequency only.,Add a redundant consensus product term covering the transition.,Replace every gate with XOR gates.,Remove all pull-up devices.,B,digital_design
"For a register-to-register path, which factor usually limits the maximum clock frequency of a synchronous circuit?",Only the destination register hold time,The longest register clock-to-Q plus combinational delay plus setup requirement,Only transistor leakage current,The number of unused inputs in the design,B,digital_design
Why are hold-time violations difficult to work around after silicon is manufactured?,They always increase static power beyond the package limit.,Lowering the clock frequency does not fix a minimum-delay violation.,They physically destroy the gate oxide immediately.,They prevent the RTL simulator from compiling.,B,digital_design
"Inside a Verilog always block, what is the key simulation difference between blocking (=) and non-blocking (<=) assignments?","Blocking must always be used for sequential flops, while non-blocking cannot synthesize.","Blocking updates immediately in statement order, while non-blocking schedules updates for the end of the time step.",Non-blocking assignments introduce analog delays automatically.,Blocking assignments can only assign constants.,B,digital_design
Why is one-hot state encoding often attractive for FPGA FSMs even though it uses more flip-flops than binary encoding?,It always minimizes the number of flip-flops.,"It can simplify next-state and output decoding, often improving timing through LUT fabric.",It eliminates all illegal states automatically.,It removes the need for reset logic.,B,digital_design
A ripple-carry adder is too slow for a wider datapath because each carry waits for the previous stage. Which adder concept addresses this bottleneck?,Reducing all transistor counts by half,"Computing carry generate/propagate signals in parallel, as in a carry-lookahead adder",Lowering the supply voltage,Using Gray code for all operands,B,digital_design
What is the main goal of Clock Tree Synthesis during physical implementation?,Convert sequential logic into combinational gates.,Distribute the clock to registers with controlled insertion delay and minimized skew.,Generate software test benches automatically.,Choose the instruction set of the processor.,B,digital_design
What is a key risk when an asynchronous reset is deasserted very close to a clock edge?,The design cannot be reset unless the clock is stopped.,Different registers may exit reset inconsistently or violate recovery/removal timing.,The combinational critical path is always shortened.,All scan chains are disabled permanently.,B,digital_design
"In manufacturing test, what does a stuck-at-0 fault model represent?",A signal that switches more slowly than expected but eventually reaches 1.,A node that behaves as though it is permanently tied to logic 0.,A register that powers up randomly.,A temporary crosstalk event between adjacent routes.,B,digital_design
Why are scan chains inserted into many digital ICs?,To make cache memory faster.,To connect internal flip-flops into shift-register paths for test access.,To protect the die from electrostatic discharge only.,To automatically correct all memory bit failures.,B,digital_design
A 32-bit data stream must cross between unrelated clocks without dropping words. Which structure is generally appropriate?,A single two-flop synchronizer on every data bit with no control protocol,An asynchronous FIFO with synchronized read/write pointers,A combinational decoder between the two domains,A larger output buffer on the source gates only,B,digital_design
"When a CMOS gate toggles repeatedly, which power component is usually associated with charging and discharging load capacitance?",Only static leakage power,Dynamic switching power,Gate-oxide breakdown current,Electromigration current only,B,digital_design
What does clock skew measure in a synchronous digital system?,The gradual long-term drift of oscillator frequency due to aging only,The difference in arrival time of the same clock edge at different registers,The ratio of clock high time to low time,The number of clock domains in the design,B,digital_design
Why can long parallel wires in deep-submicron layouts create timing or functional problems?,Capacitive coupling can inject glitches or change delay on neighboring signals.,They reduce the physical strength of the silicon die.,They prevent the standard-cell library from being read.,They remove the need for clock tree synthesis.,A,digital_design
Which statement best distinguishes Mealy and Moore FSM outputs?,Mealy FSMs never use a clock.,"Mealy outputs depend on state and inputs, while Moore outputs depend only on state.",Moore FSMs cannot implement counters.,Mealy FSMs always require more flip-flops than Moore FSMs.,B,digital_design
"A 2-to-1 MUX has I0 tied to 0, I1 tied to 1, and select S used as the only input. What logic function appears at the output?",NOT gate,Buffer,AND gate,OR gate,B,digital_design
What can gate-level simulation with timing checks reveal that pure static timing analysis may not fully exercise?,The exact wafer cost for a process node,"Stimulus-dependent functional behavior, X propagation, and some dynamic glitch/reset interactions",The physical color of each metal layer,The instruction set chosen by software developers,B,digital_design
"For a register with asynchronous reset, what does the removal time constraint specify?",The time needed to remove a cell from the physical database.,The minimum time reset must remain asserted after a clock edge before it is deasserted.,The delay through a multi-stage synchronizer.,The time needed to discharge all chip capacitance after power-off.,B,digital_design
A combinational always block assigns an output in one branch of an if statement but omits the else/default case. What hardware may synthesis infer?,Only a smaller AND gate,A latch to preserve the previous output value,A scan chain automatically,A clock tree buffer,B,digital_design
What problem do antenna rules address during IC fabrication?,Receiving wireless signals through on-chip antennas.,Charge buildup on long metal connected to transistor gates during processing.,Excessive clock tree depth only.,Functional coverage closure in simulation.,B,digital_design
Why is on-chip variation (OCV) considered during timing signoff?,To account for changes in silicon wafer market price.,"To model local delay differences caused by voltage, temperature, and process variation across the die.",To compare different EDA software license costs.,To decide whether the chip package should be plastic or ceramic only.,B,digital_design
Why does replacing a ripple counter with a synchronous counter usually improve maximum operating frequency?,It always reduces total silicon area.,"All flip-flops update from the same clock, avoiding accumulated clock-to-Q ripple delay.",It eliminates all leakage current.,It removes the need for binary encoding.,B,digital_design
"During static timing analysis, what does negative slack indicate for a checked path?",The path has extra margin beyond the requirement.,The path violates its timing requirement.,The design is consuming less power than expected.,The synthesis tool must use smaller cells.,B,digital_design
A block is idle for many cycles but still receives a toggling clock. Which technique most directly reduces its dynamic power without lowering global frequency?,Increase threshold voltage only,Use clock gating for the idle block,Add decoupling capacitors only,Replace copper wires with aluminum wires,B,digital_design
A signal crosses from a 0.8 V logic domain into a 1.2 V domain. Which special cell is normally used to translate the logic level safely?,Level shifter,Clock tree inverter only,Scan multiplexer only,Antenna diode only,A,digital_design
"When a power-gated block is turned off, what is the purpose of isolation cells on signals going to still-active logic?",To isolate the chip from room temperature changes.,To clamp outputs to known safe values instead of letting them float.,To correct all logic errors in the active domain.,To replace the need for power switches.,B,digital_design
A 6-input FPGA LUT is used to implement combinational logic. Which statement best describes how the LUT realizes a Boolean function?,It stores the function's truth table and uses input bits to select the output value.,It can only implement AND and OR gates directly.,It behaves like an analog amplifier whose gain is set by configuration bits.,It requires an external microcontroller to compute each output at run time.,A,digital_design
"In FPGA RTL, why is using a flip-flop clock-enable pin usually preferred over gating the clock with LUT logic?",Clock enables always remove all dynamic power in the entire FPGA.,Clock enables preserve the dedicated clock network and avoid creating glitch-prone fabric-generated clocks.,Clock enables make setup and hold timing irrelevant.,Clock enables are only used for asynchronous resets.,B,digital_design
A design needs a 1024 x 32 synchronous memory inside an FPGA. Which resource is usually the better target compared with implementing it entirely in LUT fabric?,Carry-chain only,Block RAM,Clock manager only,Input serializer only,B,digital_design
A signal-processing datapath contains several 18 x 18 multipliers. Which FPGA resource is typically best suited for efficient implementation?,General-purpose IO pins only,DSP slices or multiplier blocks,Configuration flash only,Global reset buffer only,B,digital_design
An asynchronous push-button input enters an FPGA and controls synchronous logic. What is the safest first step before using it as a control signal?,Route it directly into many state-machine inputs.,"Synchronize it through flip-flops in the target clock domain, then debounce if needed.",Use it as a generated clock for the whole design.,Tie it to a block RAM address without sampling.,B,digital_design
"A camera pixel stream runs on a pixel clock, while the processing pipeline uses a different system clock. Which FPGA structure commonly handles this clock crossing for bursts of pixel data?",A single inverter between the two clocks,A gated version of the pixel clock made from LUT logic,A dual-clock FIFO,A priority encoder on every pixel bit,C,digital_design
Why must FPGA designers provide accurate clock constraints to the implementation tool?,The tool cannot place any LUTs unless every signal has a manual location.,Timing analysis and optimization depend on knowing clock periods and relationships.,Clock constraints automatically prove functional correctness.,Clock constraints replace the need for RTL simulation.,B,digital_design
An FPGA path passes through too many LUT levels and fails timing. What is the typical effect of inserting a pipeline register in the path?,It reduces latency to zero.,It removes the need for any clock constraint.,"It can improve maximum clock frequency by shortening each combinational stage, while adding cycle latency.",It converts all logic into analog circuitry.,C,digital_design
A pipeline has one stage with much more logic delay than neighboring stages. What does retiming try to do?,Add random delay to all fast paths only.,Move registers across combinational logic to balance stage delays without changing function.,Turn synchronous resets into asynchronous resets automatically.,Insert manufacturing scan chains only.,B,digital_design
Why can an incorrectly applied multicycle-path constraint be dangerous?,It removes the destination flip-flop from the netlist.,"It relaxes timing analysis, but the real control logic may still sample the data too early.",It doubles static leakage in every cell.,It forces routing through high-resistance metal only.,B,digital_design
How can IR drop create setup timing failures in a high-speed digital block?,It permanently changes transistor channel length.,"Lower local VDD reduces drive strength, increasing gate delays.",It forces the clock to run at a higher frequency.,It eliminates all leakage paths.,B,digital_design
A destination register receives the same clock edge later than the source register because of extra clock-network delay. Which timing margin is most directly degraded?,Setup margin only,Hold margin,Both setup and hold margins always improve,Static power margin,B,digital_design
A low-power OTA input pair must maximize gm efficiency at a fixed drain current. Which MOSFET operating region provides the highest gm/ID?,Subthreshold (Weak Inversion) region,Saturation (Strong Inversion) region,Triode (Linear) region,Velocity Saturation region,A,analog_design
A common-source gain stage does not meet its target gain because the output resistance is too low. Which benefit is expected from adding a cascode device?,To maximize the output voltage swing,To increase the output impedance and voltage gain,To reduce the power consumption of the circuit,To lower the total input capacitance via the Miller effect,B,analog_design
An inverter must be sized so that PMOS pull-up and NMOS pull-down delays are approximately symmetric. Which device-physics factor mainly drives the wider PMOS sizing?,PMOS devices experience higher threshold voltages.,PMOS devices suffer more from latch-up.,The mobility of holes in silicon is lower than the mobility of electrons.,The gate oxide capacitance (Cox) is lower for PMOS devices.,C,analog_design
A low-frequency noise plot shows a noise power spectral density that falls approximately as 1/f. Which physical noise mechanism is being observed?,Thermal noise,Shot noise,Burst noise,Flicker noise,D,analog_design
"In a resistor-noise calculation, the resistance is increased from R to 4R while temperature and bandwidth stay constant. How does the thermal noise voltage density change?",It doubles.,It quadruples.,It remains unchanged.,It drops to one-half.,A,analog_design
A current mirror is being ported to a low-VDD CMOS process and its devices struggle to remain in saturation. What is the primary limitation being encountered?,An absolute lack of thermal tracking between matching pairs,Headroom constraints required to keep the reference and mirror transistors in saturation,Excessive high-frequency oscillation at the mirror node,Complete degradation of electron mobility due to low voltage fields,B,analog_design
An OTA input stage fails its input-offset target because of random device mismatch. Which design change most directly improves mismatch performance?,Decreasing the length (L) while maximizing the width (W) of the input devices,Biasing the input pair deep into the triode region,Increasing the gate area (W x L) of the input differential pair transistors,Utilizing a single-ended layout routing topology,C,analog_design
A two-stage op amp has poor phase margin before compensation. What is the main stability effect targeted by Miller compensation?,To eliminate the right-half-plane (RHP) zero entirely without adding series elements,To decrease the overall open-loop DC gain of the amplifier structure,To minimize the physical area layout footprint of the compensation capacitor,"To split the dominant and non-dominant poles apart, enhancing stability",D,analog_design
A Class-A output stage drives an ideal sinusoidal voltage across a resistive load while conducting bias current continuously. What is its theoretical maximum efficiency?,25%,50%,78.5%,100%,A,analog_design
"In a bandgap reference, a PTAT voltage is combined with a BJT VBE term. What temperature-coefficient characteristic does the VBE term provide?",Proportional to Absolute Temperature (PTAT),Complementary to Absolute Temperature (CTAT),Temperature-independent across all operational bounds,Exponentially PTAT at high operating ranges,B,analog_design
"During loop-stability analysis, a zero is found in the right-half plane. Why is this zero usually harmful to phase margin?",It heavily suppresses the high-frequency gain profile of the amplifier.,It forces the amplifier loop into a latch-up condition at DC.,"It introduces a phase lag while increasing the magnitude response, degrading stability.",It causes the input offset voltage to drift exponentially over time.,C,analog_design
A matched differential pair must be laid out to reduce first-order thermal and mask-gradient errors. Which layout approach is most appropriate?,Simple interdigitated layout,Random distributed layout configuration,Stacked vertical layout topology,Common-centroid layout,D,analog_design
An oscillator loop is being checked at its intended oscillation frequency. What loop-gain condition is required for sustained oscillation under the Barkhausen criterion?,"Exactly equal to 1, with a phase shift of 0 degrees (or multiples of 360)","Less than 1, with a phase margin exceeding 45 degrees","Exactly 0, ensuring absolute isolation from input noise","Infinite, providing unconstrained voltage amplification scaling",A,analog_design
A switched-capacitor network transfers charge between two nodes every clock cycle at frequency fs. What equivalent resistance does an ideal capacitor C emulate?,C / fs,1 / (C * fs),fs / C,1 / (2*pi * C * fs),B,analog_design
How does the Channel Length Modulation parameter λ (lambda) change as the physical channel length (L) of a MOSFET is increased?,"λ increases, causing lower output resistance (ro).",λ remains constant because it is solely determined by doping profile levels.,"λ decreases, resulting in a higher output resistance (ro).",λ drops to zero immediately once L exceeds the minimal design rule constraint.,C,analog_design
What is the effect of the body effect on an NMOS transistor when its source-to-body voltage (VSB) increases?,The threshold voltage (VTH) decreases.,The device transconductance (gm) increases dramatically.,The oxide capacitance (Cox) increases.,The threshold voltage (VTH) increases.,D,analog_design
A differential amplifier stage has a differential gain (Ad) of 40 dB and a common-mode rejection ratio (CMRR) of 60 dB. What is its common-mode gain (Acm) in decibels?,-20 dB,20 dB,100 dB,-100 dB,A,analog_design
Which of the following current mirror architectures provides the highest output impedance without requiring an auxiliary amplifier?,Simple current mirror,Wilson current mirror,Wide-swing cascode current mirror,Resistor-loaded basic current mirror,B,analog_design
What is the primary drawback of using an operational amplifier with high power supply rejection ratio (PSRR) at high frequencies?,High-frequency PSRR causes the amplifier to break into continuous sub-harmonic oscillation.,The DC gain drops to zero when high-frequency noise hits the power rail.,PSRR degrades at high frequencies because internal compensation capacitors form low-impedance paths for supply noise.,It requires the physical removal of guard rings from the layout environment.,C,analog_design
"In a source-follower (common-drain) amplifier stage, what is the ideal value of voltage gain, and what is its primary practical deviation source?",Ideal gain is infinite; restricted primarily by gate leakage currents,Ideal gain is 0.5; amplified primarily by thermal noise profiles,Ideal gain is 1; attenuated primarily by large overlap capacitance fields,Ideal gain is 1; attenuated primarily by the body effect parameter (gmb),D,analog_design
"When designing a high-speed track-and-hold circuit, what analog non-ideality occurs when the MOS sampling switch turns off, releasing stored channel charge?",Charge injection and clock feedthrough,Thermal noise floor folding,Subthreshold avalanche ionization,Electromigration of the capacitor dielectric,A,analog_design
What is the primary trade-off encountered when adding source degeneration resistors to a differential pair stage?,Voltage gain is maximized while input impedance drops close to zero.,Linearity is improved at the cost of reduced transconductance (gm) and higher noise.,Power consumption drops to zero while output swing matches supply rails perfectly.,"The dominant pole shifts to DC, completely eliminating the need for Miller capacitors.",B,analog_design
Why is a startup circuit necessary in a standard Beta-Multiplier or self-biased reference circuit?,To prevent immediate dielectric breakdown of thin oxide layers during power-up,To boost high-frequency gain margins during start-up,The circuit has an unwanted stable state where all currents are exactly zero.,To filter out supply ripple noise from entering sensitive bias lines,C,analog_design
What type of frequency response characteristic is generated by a feedforward path around an inverting gain stage?,A Left-Half-Plane (LHP) pole pair,A stable linear reduction in total propagation delay metrics,An absolute elimination of thermal noise spectral density lines,A Right-Half-Plane (RHP) zero,D,analog_design
What is the primary advantage of a Folded Cascode OTA compared to a Telescopic Cascode OTA?,Larger input common-mode voltage range and output swing range,Significantly lower power consumption for identical gain-bandwidth metrics,Higher open-loop DC gain under identical bias current levels,Complete immunity to flicker and white noise spectra,A,analog_design
"In a CMOS operational amplifier, how does the unity-gain bandwidth (GBW) scale with changes to the load capacitance (CL)?",GBW increases linearly with CL.,GBW is inversely proportional to CL.,GBW scales with the square root of CL.,GBW is independent of CL due to internal closed-loop scaling factors.,B,analog_design
Which parameter defines the maximum rate of change of an operational amplifier's output voltage when driven by a large step input?,Gain-Bandwidth Product,Phase Margin,Slew Rate,Settling Time Accuracy Floor,C,analog_design
What is the primary engineering motivation for using Fully Differential signaling topologies in integrated analog processing architectures?,Reducing the total transistor component layout count by exactly 50%,Eliminating the need for common-mode feedback (CMFB) systems completely,Allowing single-ended signals to pass through without any power dissipation footprint,"Rejection of common-mode noise, substrate noise, and even-order harmonic distortion products",D,analog_design
What is the role of a Common-Mode Feedback (CMFB) circuit in a fully differential operational amplifier?,To sense the output common-mode voltage and adjust internal bias currents to stabilize it,To amplify the differential input signal while filtering out high-frequency thermal noise,To force the differential gain to match the common-mode gain exactly,To convert the differential output signal back into a single-ended signal layout path,A,analog_design
"In a continuous-time voltage comparator circuit, what is the primary benefit of adding positive feedback (hysteresis)?",To linearize the input-to-output transfer function curve,To prevent output chatter caused by noise on the input signals,To ensure the input impedance approaches zero ohms at high frequencies,To reduce the physical area footprint of the input differential stage,B,analog_design
What is the total integrated thermal noise power of an ideal low-pass RC filter network driven by white noise?,4kTR,kT * R * C,kT / C,1 / (2*pi * RC),C,analog_design
Which of the following describes the accurate matching behavior of a pair of identical resistors implemented on a silicon wafer layout?,Matching accuracy depends exclusively on the sheet resistance value.,Matching accuracy is optimized by routing matching resistors perpendicular to each other.,Matching accuracy improves as width approaches the minimum sub-micron design rules.,Matching accuracy improves with larger layout areas and closer physical proximity.,D,analog_design
What is the primary engineering rationale for selecting a Chopper Stabilization architecture over an Auto-Zeroing architecture in low-frequency instrumentation amplifiers?,Chopper stabilization modulates low-frequency noise to higher frequencies without causing noise aliasing (folding) down to DC.,Chopper stabilization entirely avoids using any active clock signal lines.,Chopper stabilization reduces the physical layout area of the amplifier by half.,Chopper stabilization eliminates the need for any high-frequency filter elements.,A,analog_design
"In deep sub-micron CMOS nodes, how does reducing the supply voltage (VDD) affect analog design margins?",It exponentially reduces the gate leakage currents through thin oxide dielectrics.,"It decreases voltage headroom, making it harder to keep cascoded transistors in saturation.",It completely eliminates flicker noise from the active signal paths.,It increases the intrinsic gain (gm * ro) of short-channel transistors.,B,analog_design
What is the impact of a significant Left-Half-Plane (LHP) zero introduced into the feedback loop of an operational amplifier?,"It adds an immediate 90 degree phase lag, accelerating loop instability.","It attenuates high-frequency gain signals, acting like a low-pass filter element.","It provides positive phase shift (lead), which can improve the phase margin.",It limits the low-frequency open-loop DC gain of the input differential stage.,C,analog_design
"Which of the following mechanisms causes the non-zero output conductance (1/ro) in short-channel MOSFETs, beyond standard channel length modulation?",Grown junction oxide tunneling leakage fields,Pelgrom geometric variation effects,Bipolar carrier recombination lifetime parameters,Drain-Induced Barrier Lowering (DIBL),D,analog_design
"In a matched transistor array, dummy devices are placed at the array edges. What fabrication-related purpose do these dummy devices serve?",To ensure uniform etching and photolithography profiles for the critical core matching elements,To serve as alternative backup connections if primary devices fail electrostatically,To increase the parasitic routing capacitance around sensitive amplifier nodes,To route high-current digital signal paths through vacant layout areas,A,analog_design
A PLL has settled after acquisition. Which observation best indicates that the loop is locked?,The loop filter output voltage begins oscillating symmetrically between ground and the supply rails.,"The frequency of the feedback signal matches the reference signal exactly, with a constant phase difference.",The charge pump injects maximum current into the system loop continuously.,"The VCO frequency drops to zero hertz, eliminating phase noise.",B,analog_design
An ideal ADC converts a continuous input into a finite number of output codes. What is the fundamental origin of quantization noise?,Thermal noise generated by the sampling switches' resistance,The finite rejection ratio of supply ripples through reference voltage nodes,The rounding error that occurs when mapping a continuous analog signal onto a discrete set of digital codes,Substrate leakage current across the comparator input stages,C,analog_design
A Miller-compensated amplifier suffers from a destabilizing feedforward path through the compensation capacitor. Which compensation approach uses a buffer to remove the RHP zero?,Simple shunt RC peak compensation,Dominant pole filtering compensation without feedback structures,Cross-coupled positive feedback neutralization layout style,Ahuja compensation or voltage/current buffer Miller compensation,D,analog_design
"In a continuous-time delta-sigma modulator, what is the loop filter primarily designed to do to quantization noise?","It shapes quantization noise, shifting it from low frequencies to high frequencies.",It acts as a high-speed sample-and-hold circuit for input tracking.,It dampens the master clock signal to prevent clock jitter.,It converts the multi-bit digital output code back into an analog current.,A,analog_design
"A bulk CMOS chip must be protected from latch-up during transient current injection. What mechanism causes latch-up, and what layout method helps prevent it?",Dielectric breakdown of the gate oxide; prevented by adding series resistors to gates,Parasitic SCR turn-on; prevented by utilizing guard rings and minimizing substrate resistance,Electromigration of metal paths; prevented by widening supply lines,Channel hot-carrier injection; prevented by increasing channel lengths,B,analog_design
"An op amp with 60 dB DC gain has real poles at 1 MHz, 10 MHz, and 50 MHz. What is the likely result when it is used as a unity-gain feedback buffer without compensation?",The circuit will be perfectly stable with a phase margin exceeding 60 degrees.,"The poles will cancel each other out at unity gain, linearizing the amplifier.",The circuit will be unstable and oscillate because the loop gain is much greater than 1 before the phase reaches -180 degrees.,The open-loop DC gain will drop to 0 dB instantly due to negative feedback loading.,C,analog_design
"For a medium-resolution data converter, why is a SAR ADC often preferred over a flash ADC?","Higher sampling speed, completing conversions within a single clock cycle",Absolute immunity to clock jitter and thermal noise errors,Elimination of the need for an input sample-and-hold circuit,Significantly smaller layout area and lower power consumption for medium-to-high resolutions,D,analog_design
A low-noise CMOS amplifier must reduce low-frequency 1/f noise at the input. Which input-device choice is usually prioritized?,Use PMOS input transistors with large channel areas (W x L).,Minimize transistor width while maximizing channel length to limit bias currents.,Operate the input pair deep in the triode region with minimal drain voltage.,Replace the input transistors with small unsiliciated poly resistors.,A,analog_design
What is the total integrated thermal noise power (mean square noise voltage) across a basic parallel RC network connected to an open thermal system?,vn² = 4kTR,vn² = kT / C,vn² = 4kTRB,vn² = kT / (R · C),B,mixed_signal
"In a discrete-time switched-capacitor circuit clocked at frequency Fs, a capacitor C switched between two discrete voltage nodes behaves globally as an equivalent resistor. What is its effective resistance value (Req)?",Req = C · Fs,Req = 1 / (C · Fs),Req = ln(2) / (C · Fs),Req = Fs / C,B,mixed_signal
"A 12-bit Successive Approximation Register (SAR) ADC utilizes a binary-weighted capacitive DAC. If the total capacitance of the array is C_tot, what is the value of the Least Significant Bit (LSB) capacitor?",C_tot / 12,C_tot / 2048,C_tot / 4096,C_tot / 4095,C,mixed_signal
"How does Flicker Noise (1/f noise) in MOSFET devices scale with transistor geometry, and which channel type typically exhibits lower flicker noise in standard bulk CMOS?",Proportional to area (W·L); NMOS is quieter than PMOS.,Inversely proportional to area (1 / (W·L)); PMOS typically exhibits lower flicker noise than NMOS.,Independent of device length (L); NMOS is quieter due to higher mobility.,Inversely proportional to oxide thickness only; PMOS and NMOS show identical performance.,B,mixed_signal
What is the primary purpose of utilizing 'Non-Overlapping Clocks' (Phi1 and Phi2) in switched-capacitor circuits?,To accelerate the operational charging speed of internal analog nodes.,"To prevent the simultaneous conduction of sampling switches, which would cause direct charge leakage between separate analog nodes.",To shape the quantization noise profile into high-frequency spectrum bands.,To minimize the physical injection of substrate currents into the active digital core.,B,mixed_signal
Which design technique effectively reduces digital switching noise coupling into sensitive analog nodes through a common silicon substrate?,Routing high-speed digital lines directly parallel to sensitive analog input lines.,"Utilizing guard rings connected to clean, dedicated supply lines, and isolating analog blocks inside deep N-wells.","Tying analog and digital ground networks together globally using a long, high-impedance metal trace.",Increasing the input drive strength of all nearby digital clock buffers.,B,mixed_signal
"An engineer evaluates an ADC and reports an Effective Number of Bits (ENOB) of 9.2 bits. If the target signal bandwidth is 2 MHz, what is the calculated Sinad (Signal-to-Noise and Distortion) value?",55.2 dB,57.1 dB,62.4 dB,48.5 dB,B,mixed_signal
What is the primary function of 'Miller Compensation' in a standard two-stage CMOS operational amplifier?,To increase the high-frequency open-loop voltage gain.,"To split the pole frequencies by moving the dominant pole lower and the non-dominant pole higher, ensuring circuit stability.",To eliminate the right-half-plane zero created by parasitic path bypass.,To lower the total static power dissipation of the output stage.,B,mixed_signal
What is the difference between SNR and SNDR (SINAD) in ADC characterisation?,"SNR includes only thermal noise; SNDR adds harmonic distortion components, giving a more complete measure of dynamic performance",SNR and SNDR are identical metrics with different names,SNDR measures only distortion; SNR measures only noise,SNR applies to DACs; SNDR applies to ADCs,A,mixed_signal
Explain DNL and INL in the context of ADC/DAC linearity.,DNL measures total offset error; INL measures gain error,DNL (Differential Non-Linearity) is the deviation of each code step from the ideal 1-LSB step; INL (Integral Non-Linearity) is the cumulative deviation of the transfer curve from the ideal straight line,DNL and INL both measure harmonic distortion at different frequencies,INL is the per-code error; DNL is the worst-case total error across all codes,B,mixed_signal
"What is a switched-capacitor circuit, and what key advantage does it have over a resistor-based circuit in CMOS?",A circuit using MOSFET capacitors to store charge; advantage is higher bandwidth,"A circuit where switches and capacitors emulate a resistor; advantage is that the effective resistance is set by capacitor ratio and clock frequency, both of which are highly accurate in CMOS",A circuit using MOS switches to bypass capacitors; advantage is reduced area,A circuit using switching regulators; advantage is higher power efficiency,B,mixed_signal
"What is a Sample-and-Hold (S/H) circuit, and why is it critical in ADC design?",A circuit that averages the input signal over multiple clock cycles,"A circuit that samples the analog input at a defined instant and holds it constant during the ADC conversion, preventing errors from input signal movement",A circuit that stores digital codes between conversion cycles,A circuit that holds the reference voltage stable during conversion,B,mixed_signal
What is CMRR (Common-Mode Rejection Ratio) and why does it matter for analog circuits?,The ratio of differential-mode gain to common-mode gain; high CMRR means the circuit rejects noise that appears identically on both inputs,The ratio of signal bandwidth to noise bandwidth; higher CMRR indicates a wider useful bandwidth,The ratio of output swing to supply voltage; higher CMRR means better rail-to-rail performance,The ratio of input impedance to output impedance; affects matching,A,mixed_signal
"In a PLL, what is the role of the VCO and the Loop Filter?",VCO generates the reference clock; Loop Filter digitises the phase error,VCO produces an output frequency proportional to a control voltage; the Loop Filter smooths the phase detector output to produce a stable DC control voltage and sets loop bandwidth/stability,Loop Filter multiplies the reference frequency; VCO divides it down,VCO detects phase error; Loop Filter amplifies it for the frequency divider,B,mixed_signal
What is the purpose of an anti-aliasing filter (AAF) placed before an ADC?,To increase the ADC sampling rate,"To attenuate signal components above fs/2 before sampling, preventing them from folding (aliasing) into the desired signal band",To improve the ADC's linearity by pre-distorting the input,To reduce power consumption of the ADC by limiting its input bandwidth,B,mixed_signal
"What is oversampling in the context of ADCs, and what SNR benefit does it provide?",Sampling faster than required offers no inherent SNR benefit but reduces latency,Oversampling by a factor of M spreads quantisation noise over a wider bandwidth; decimation filtering recovers approximately 3 dB (0.5 bit) of SNR for every doubling of the oversampling ratio,Oversampling doubles the ADC resolution directly,Oversampling improves INL by averaging out non-linearity across codes,B,mixed_signal
"What is a current mirror, and what is the key design parameter that determines its accuracy?",A circuit that replicates a supply current to multiple loads; accuracy depends on supply voltage,"A circuit that copies a reference current to one or more output branches; accuracy is primarily determined by transistor matching (W/L ratio, Vth mismatch), output impedance, and channel-length modulation",A circuit that converts voltage to current; accuracy depends on resistance tolerance,A circuit that mirrors digital switching currents into the analog domain; accuracy set by clock frequency,B,mixed_signal
"What is a Sigma-Delta (Delta-Sigma) ADC, and what technique does it use to achieve high resolution?",A flash ADC that uses many comparators in parallel; resolution is set by the number of comparators,"An ADC that uses oversampling and noise shaping to push quantisation noise out of the signal band, followed by digital decimation filtering to achieve high resolution at low bandwidth",A successive-approximation ADC that uses a sigma modulator to reduce conversion time,A pipeline ADC that uses delta coding between stages to reduce power,B,mixed_signal
"What is slew rate in an op-amp, and what causes it?",The maximum frequency at which the op-amp can operate; caused by parasitic capacitance,The maximum rate of change of the output voltage (V/us); caused by the limited current available to charge the internal compensation capacitor,The minimum output impedance achievable; caused by transistor sizing,The input offset voltage drift; caused by temperature coefficient mismatch,B,mixed_signal
What is the purpose of a charge pump in a PLL?,To supply power to the VCO during lock,"To convert the phase detector's UP/DOWN pulses into a proportional analog current that charges/discharges the loop filter capacitor, generating the VCO control voltage",To double the reference clock voltage for the frequency divider,To filter thermal noise from the reference oscillator,B,mixed_signal
"What is the difference between a SAR ADC and a Flash ADC in terms of speed, resolution, and area?",SAR and Flash have identical speed/area; they differ only in power consumption,"Flash ADC uses 2^N-1 comparators for N-bit resolution, giving very high speed (1 cycle) but large area/power; SAR ADC uses binary search with one comparator over N cycles, achieving moderate speed with much smaller area and lower power",SAR uses parallel comparators; Flash uses a single comparator iteratively,Flash ADC is used only for audio; SAR is used only for RF applications,B,mixed_signal
"In a Multi-bit Pipelined ADC architecture, what is the role of the 'Sub-DAC' and 'Residue Amplifier' inside an intermediate stage?",To completely digitize the input signal into its final binary code.,"To convert the local stage's coarse digital decision back to an analog value, subtract it from the input signal, and amplify the remaining residue for the next stage.",To isolate the digital outputs from clock jitter.,To provide low-pass filtering to eliminate flicker noise components.,B,mixed_signal
"What is the primary cause of 'Charge Injection' errors in MOS switch circuits, and how does it scale with device size?",Thermal noise storage in the channel; scales only with temperature.,The release of mobile channel inversion charges into the source/drain nodes when the switch turns off; scales proportionally with switch gate area (W·L).,Substrate leakage currents; scales inversely with gate oxide thickness.,Flicker noise trapping; scales with the operational clock frequency.,B,mixed_signal
"In a SAR ADC, why is capacitor mismatch in the binary-weighted DAC a critical design concern?",It increases the sampling frequency beyond the Nyquist limit.,It causes reference voltage ripple only during reset.,"It creates incorrect DAC step sizes, leading to INL/DNL errors and possible conversion inaccuracies.",It eliminates the need for comparator offset calibration.,C,mixed_signal
"If a pipelined or SAR ADC exhibits a recurrent localized Differential Nonlinearity (DNL) violation that drops exactly to -1 LSB at a major code transition, what does this indicate about the converter's transfer characteristic?",The converter is operating at maximum ideal performance.,The converter exhibits a 'Missing Code' error due to non-monotonicity or severe component mismatch.,The converter's thermal noise floor is lower than the quantization step size.,The input anti-aliasing filter has an improper cutoff frequency.,B,mixed_signal
"In a standard UVM testbench component execution life cycle, during which execution phase are structural components instantiated using the factory mechanism?",connect_phase,run_phase,build_phase,end_of_elaboration_phase,C,verification
Why must a 'virtual interface' be utilized inside a SystemVerilog class-based verification component (like a driver) rather than instantiating a regular interface directly?,Direct interface instantiations inside dynamic classes violate compiler syntax because classes cannot contain physical hardware net models directly.,Virtual interfaces run twice as fast during execution due to compiler optimization.,Virtual interfaces automatically filter out meta-stability from clock domain cross routes.,Regular interfaces can only be instantiated inside the scoreboard component.,A,verification
"Unlike other standard UVM phases, why is the UVM 'run_phase' unique in its internal execution structure?","It is the only phase implemented as a task rather than a function, which allows it to consume simulation time.",It is executed before the build_phase is reached.,It cannot be overridden or modified by the user.,It runs entirely outside the main simulator compilation process.,A,verification
What is the primary purpose of utilizing the 'solve...before' constraint construct during class randomization operations in SystemVerilog?,To accelerate constraint execution speed by a factor of two.,To alter the probability distribution of randomized variables without narrowing the absolute space of legal solution combinations.,"To force a deterministic value assignment, which completely disables random generation.",To guarantee that an output file is opened before data logging begins.,B,verification
"In SystemVerilog tasks and functions, what is the core operational distinction between an argument passed as 'input' vs. an argument passed as a 'ref'?",'input' works only for real data types; 'ref' works only for virtual structures.,"'input' copies the variable value into the routine at the call step; 'ref' passes a direct reference pointer to the original variable, allowing any modifications inside the routine to immediately change the caller's scope variables without copy overhead.",'ref' blocks the compilation if the argument is not explicitly a signed constant integer.,There is no difference; they are completely interchangeable syntax mechanisms.,B,verification
What is the primary difference between a 'Concurrent Assertion' and an 'Immediate Assertion' in SystemVerilog Assertions (SVA)?,Immediate assertions check complex multi-cycle temporal sequences; concurrent assertions evaluate instantaneous procedural conditions.,"Immediate assertions execute procedurally like standard 'if' conditions within an execution block; concurrent assertions evaluate continuous expressions over time, relying on a clock edge and formal timing parameters.",Immediate assertions can only be defined inside UVM scoreboards.,Concurrent assertions automatically fix any detected timing skew in hardware routes.,B,verification
What is SystemVerilog UVM (Universal Verification Methodology) and what problem does it solve?,A synthesis flow that converts SystemVerilog to gate-level netlists,"A standardized, reusable class-based verification framework built on SystemVerilog OOP that provides a structured environment (driver, monitor, scoreboard, sequencer) to accelerate testbench development and promote component reuse across projects",A formal verification language used to express safety properties,A low-power design methodology for multi-voltage SoC verification,B,verification
"What is functional coverage, and how does it differ from code coverage?",Functional coverage and code coverage are identical metrics,"Code coverage measures which RTL lines/branches were executed; functional coverage measures whether the verification plan's scenarios and corner cases have been exercised, regardless of which code lines ran",Functional coverage measures timing path coverage; code coverage measures logic gate coverage,Functional coverage is only applicable to formal verification; code coverage applies to simulation,B,verification
"What is constrained-random verification (CRV), and why is it preferred over directed testing for complex designs?",CRV generates only directed test cases from a fixed script; preferred because it is deterministic,"CRV uses a constraint solver to automatically generate random stimulus satisfying design protocol constraints, exploring a much wider input space than manually written directed tests, while still producing legal, meaningful transactions",CRV applies random values without constraints; preferred because it maximizes coverage speed,CRV is a formal method that randomly selects properties to prove,B,verification
"What is Clock Domain Crossing (CDC) verification, and what kind of bugs does it catch?",Verifying that all flip-flops share the same clock frequency,"Analyzing signals that cross between asynchronous clock domains to detect metastability risks, missing synchronizers, improper multi-bit bus crossings (data coherency issues), and incorrect synchronization protocols",Checking that clock skew across the chip meets timing closure requirements,Verifying that clock gating cells are correctly placed in the clock tree,B,verification
"What is a UVM scoreboard, and what role does it play in a self-checking testbench?",A scoreboard is a coverage database that tracks which tests have been run,"A scoreboard receives transactions from monitors on the DUT's inputs and outputs, predicts expected output using a reference model, and compares predictions against actual DUT outputs to automatically flag functional mismatches",A scoreboard is a sequence library that prioritizes which test scenarios to run next,A scoreboard is a log file generated by the simulator recording all signal transitions,B,verification
"What is gate-level simulation (GLS), and why is it performed after synthesis?",GLS simulates the RTL before synthesis to establish a golden reference,"GLS simulates the post-synthesis netlist (with or without SDF back-annotation) using actual gate delays to verify that synthesis did not introduce functional bugs, X-propagation issues, or timing violations that RTL simulation would miss",GLS is a formal technique that proves the synthesized netlist is equivalent to the RTL,GLS verifies the physical layout against the schematic (LVS),B,verification
What is X-propagation in simulation and why is it a concern?,X represents a don't-care value used to optimize logic; it is beneficial for area reduction,X (unknown) propagates through logic when signals are uninitialized or in contention. X-optimism in RTL simulation (masking of X values) can hide real bugs that would cause unpredictable behavior in silicon or GLS,X-propagation refers to crosstalk between parallel signal wires causing unknown values,X-propagation is an STA term for unclocked path analysis,B,verification
"What is the Register Abstraction Layer (RAL) in UVM, and how does it benefit SoC verification?",RAL is a physical layer model for DDR memory interfaces,"RAL provides a high-level, object-oriented model of the DUT's register map, allowing testbench code to read/write registers using named fields rather than raw addresses, and enables access via frontdoor (bus transactions) and backdoor (direct HDL path) mechanisms",RAL is a tool that automatically generates RTL register files from a specification,RAL is the UVM component responsible for generating AXI bus transactions,B,verification
"What is power-aware verification, and what standard is commonly used to describe power intent?",Power-aware verification checks IR drop in the power grid using SPICE simulation,"Power-aware verification simulates the design with its power management behavior enabled (power domains, isolation, retention, level shifting). The IEEE 1801 UPF standard describes power intent, and simulators use it to insert behavioral models of isolation/retention cells and check correct power sequencing.",Power-aware verification is performed only at transistor level using analog simulators,Power-aware verification uses formal methods to prove that clock gating saves power,B,verification
"What is an SVA sequence, and how does it differ from an SVA property?",A sequence and a property are identical constructs in SVA,"An SVA sequence defines a series of Boolean conditions over time using temporal operators (##, [*], throughout, etc.); a property wraps a sequence with a directive such as 'always', 'eventually', or implication (|->) to express a complete verification intent that can be checked with assert, assume, or cover",A sequence is used only in formal verification; a property is used only in simulation,A property defines clock domains; a sequence defines data values,B,verification
"How is an associative array defined in SystemVerilog, and what is its primary memory management advantage over a standard dynamic array?",It is allocated via a static fixed size; it blocks run-time out-of-bounds corruption.,"It is indexed via a key data type (e.g., string or sparse address ranges) and allocates memory sparsely on-demand, which avoids reserving massive blocks of contiguous memory for wide, unpopulated spaces.",It forces elements to match a circular FIFO behavior automatically.,It requires zero compiler memory footprint because it is stored directly on the physical host hardware disc cache.,B,verification
"What is the purpose of the 'phase_ready_to_end' function in a UVM component, and how does it interact with the objection mechanism?",It immediately terminates the simulator when any component drops its last objection.,"It is a callback executed automatically when all objections for the current phase are dropped, allowing components to delay phase termination to perform clean-up or wait for a small delay (drain time).",It forces the build_phase to restart if a structural configuration error is detected,It converts 4-state simulation logic variables into 2-state logic variables before data log writing.,B,verification
What is the key behavioral difference between SystemVerilog fork-join execution structures block variations 'fork...join_any' and 'fork...join_none'?,'join_any' blocks execution until all parent tasks finish; 'join_none' blocks infinitely.,'join_any' stalls the main execution thread until ANY single spawned background process completes; 'join_none' allows the main execution thread to continue immediately without waiting for any background process to start or finish.,'join_any' allows only one process to launch; 'join_none' disables all internal threads.,They behave identically except that 'join_none' suppresses compiler optimization warnings.,B,verification
Which communication mechanism is standard in UVM to decouple data passing transaction packets between separate components like a driver and its controlling sequencer?,SystemVerilog Virtual Mailboxes,TLM Ports and Exports (Transaction-Level Modeling),Global software arrays,Hardware wire assignments through cross-module routing,B,verification
"In Static Timing Analysis (STA) software workflows using tools like Synopsys PrimeTime or Cadence Tempus, what file format is primarily utilized to input operational clock frequencies, input delays, and output load criteria?",DEF (Design Exchange Format),SDC (Synopsys Design Constraints),LIB (.lib Liberty Format),SDF (Standard Delay Format),B,eda_tools
"When running physical verification tools like Siemens Calibre or Cadence Pegasus, what exact checking operation is executed during a Layout vs. Schematic (LVS) verification run?",It checks whether the layout geometries violate minimum spacing rules provided by the foundry.,It extracts an electrical netlist from the drawn geometric layout shapes and mathematically compares its connectivity structure against the golden pre-layout structural gate netlist to check for mismatches.,It measures the exact power dissipation values across the power rails.,It automatically fixes any physical metal layout disconnections.,B,eda_tools
What core structural violation is caught when an EDA layout tool executes a Design Rule Check (DRC) rule deck?,Mismatches between the number of logical gates and layout components.,"Geometric design parameter violations, such as minimum metal width limits, minimum spacing violations between shapes, or enclosure rules mandated by the specific foundry process nodes.",Logical gate-level race timing paths.,Power supply voltage drop limits across signal nets.,B,eda_tools
"In a typical digital backend flow, what is the correct order of: (i) Floorplanning, (ii) Clock Tree Synthesis, (iii) Placement, (iv) Routing, (v) Sign-off (DRC/LVS/STA)?",(ii) > (i) > (iii) > (iv) > (v),(i) > (iii) > (ii) > (iv) > (v),(iii) > (i) > (ii) > (iv) > (v),(i) > (ii) > (iii) > (iv) > (v),B,eda_tools
"What is an SDC (Synopsys Design Constraints) file, and which tools consume it?",An SDC file contains physical LEF/DEF descriptions of standard cells; consumed by place-and-route tools,"An SDC file contains timing constraints (clock definitions, I/O delays, false paths, multicycle paths); consumed by synthesis, place-and-route, and STA tools to guide optimization and verify timing",An SDC file stores parasitic extraction results in SPEF format; consumed by the STA tool,An SDC file defines the power intent of the design; consumed by the power analysis tool,B,eda_tools
What is the difference between Synopsys IC Compiler II (ICC2) and Synopsys Design Compiler (DC) in the physical design flow?,DC performs place-and-route; ICC2 performs logic synthesis — they are used in reverse order,"DC is a logic synthesis tool that produces a gate-level netlist from RTL; ICC2 is a place-and-route tool that takes the netlist and physically implements it on the chip (floorplanning, placement, CTS, routing)",Both DC and ICC2 perform synthesis; ICC2 adds physical-aware optimization,ICC2 is used for analog design; DC is used for digital design only,B,eda_tools
"What does Mentor Calibre (or Synopsys IC Validator) perform, and why is it a mandatory sign-off step?",It performs gate-level simulation to verify functional correctness after synthesis,"It runs DRC and LVS physical verification against foundry rule decks, ensuring the final GDS layout is manufacturable and electrically equivalent to the schematic — mandatory before tape-out",It performs static timing analysis using extracted layout parasitics,It generates the standard-cell library LEF and timing models for use in P&R,B,eda_tools
"What is Cadence Spectre (or Synopsys HSPICE) used for, and how does it differ from a digital HDL simulator like Synopsys VCS?",Spectre/HSPICE and VCS are interchangeable; both simulate transistor-level circuits,"Spectre/HSPICE are SPICE-based analog/circuit simulators solving transistor equations (accurate V/I waveforms, noise); VCS is an event-driven RTL/gate-level simulator for digital logic — Spectre is slower but highly accurate; VCS is fast but uses simplified logic models",Spectre is used for digital post-layout simulation; VCS is used for analog block verification,VCS supports mixed-signal simulation; Spectre is limited to DC analysis only,B,eda_tools
What is the primary role of a Parasitic Extraction (PEX) tool within the back-end digital IC physical design flow?,To remove bad gates from the netlist before tape-out.,"To calculate and output the parasitic capacitances, resistances, and cross-coupling metrics of physical routing metal wires into standard exchange models (like SPEF) for downstream sign-off timing analysis.",To generate test structures that improve manufacturing yields.,To increase the overall voltage tolerances of logic transistors.,B,eda_tools
"During the Place-and-Route (P&R) phase in software like Cadence Innovus or Synopsys IC Compiler II, what is the specific objective of the Clock Tree Synthesis (CTS) step?",To generate standard cell layouts from behavioral code.,"To construct an optimized, balanced network of clock routing paths and buffer structures to distribute the clock signal uniformly, minimizing clock skew and latency across all synchronous sequential components.",To establish external wire bond interfaces.,To calculate the total leakage currents across the silicon chip substrate.,B,eda_tools
How does an unexpected increase in the operating temperature generally impact standard digital CMOS standard cell delays?,It speeds up the cells because electron mobility increases at high temperatures.,It increases the propagation delay of standard cells due to reduced carrier mobility.,It has absolutely zero effect on delays; timing varies only with voltage.,It eliminates all leakage current components.,B,backend
"What is 'IR Drop' in a physical backend context, and how is it classified?",The failure of timing paths due to high clock frequencies; classified as setup or hold.,The voltage drop across the power network caused by current flow through network resistance; classified as Static or Dynamic.,The loss of signal integrity due to substrate noise; classified as capacitive or inductive.,The displacement of macros during placement; classified as global or detailed.,B,backend
Why is a 'Halo' or 'Placement Blockage' explicitly applied around hard macros during floorplanning?,To force routing engines to skip the macro entirely.,"To prevent the placement engine from placing standard cells too close to the macro edges, ensuring routing channel availability and preventing congestion.",To connect the substrate of the macro to external grounding rings.,To reduce the manufacturing cost of the silicon masks.,B,backend
What is 'Clock Skew' in digital physical designs?,The drift of the absolute clock frequency over operating time.,The spatial difference in clock signal arrival times at two distinct flip-flop clock pins.,The total delay from the phase-locked loop (PLL) to the first buffer.,The pulse-width distortion caused by asymmetric rise and fall delays.,B,backend
"Which type of clock distribution structure is characterized by balanced, symmetric branching to ensure near-zero structural clock skew?",Fishbone Clock Grid,H-Tree Network,Spine Architecture,Random Mesh Distribution,B,backend
What is the 'Antenna Effect' in sub-micron IC manufacturing and backend design?,Wireless cross-talk between the IC and external PCBs.,"The accumulation of electrostatic charges on long, unconnected metal wires during plasma etching, potentially destroying thin gate oxides.",The intentional use of metal layers to transmit radio frequency signals inside the die.,The physical bending of metal layers due to excessive thermal stresses.,B,backend
How can an antenna violation discovered during routing be successfully resolved?,By increasing the clock tree buffer size.,"By inserting an antenna diode near the gate, or using metal layer hopping (layer routing shifts).",By decreasing the supply voltage of the entire core floorplan.,By increasing the drive strength of the driving standard cell.,B,backend
What is 'Crosstalk Delay' and how does it affect timing paths?,Electromagnetic interference from external packages slowing down logic blocks.,A modification of wire propagation delay caused by switching activities on adjacent parallel wires due to mutual capacitance coupling.,The insertion of extra buffer delay to eliminate setup violations.,Thermal noise propagation through common substrate structures.,B,backend
"If an aggressor net switches in the OPPOSITE direction of a victim net simultaneously, what happens to the victim net's delay?",The victim net's delay remains exactly identical.,The victim net's delay increases (Crosstalk Max-Delay).,The victim net's delay decreases (Crosstalk Min-Delay).,The victim net's signal is completely cancelled out permanently.,B,backend
What is the purpose of inserting 'Tie-High' and 'Tie-Low' cells into a physical design layout?,To route the primary clock tree to high-density modules.,To safely connect unused logic gate inputs to VDD or VSS without exposing sensitive thin gate oxides directly to power supply noise surges.,To increase the overall leakage current of non-critical functional paths.,To serve as decoupling capacitors for macro blocks.,B,backend
What is 'Virtual Clock' in STA constraints?,A dummy clock used by simulation testbenches that has no frequency.,A clock that exists as a timing constraint but is not physically connected to any pin or net inside the current design block.,The clock tree root buffer after physical design placement.,A clock operating in software to synchronize power states.,B,backend
What is the function of 'Decoupling Capacitors' (Decaps) in physical layout design?,To isolate clock domains and prevent any data skew.,"To store localized charge and release it during high-frequency transient switching, minimizing dynamic IR drop.",To provide mechanical support to the wire bond pads.,To block DC routing currents and pass AC data signals.,B,backend
What is the difference between setup time and hold time violation?,Setup is a data-before-clock issue; hold is a data-after-clock issue,Hold is a data-before-clock issue; setup is a data-after-clock issue,Both refer to the same violation in opposite corners,Setup applies only to combinational logic,A,backend
Which parasitic extraction output is consumed by a static timing analysis tool?,SPICE netlist only,SPEF (Standard Parasitic Exchange Format),LEF file,Liberty (.lib) file,B,backend
What is the primary purpose of a power ring in physical design?,To reduce clock skew across sequential elements,To distribute power uniformly around the core or macros and reduce voltage drop,To shield sensitive signal nets from crosstalk,To improve placement density of standard cells,B,backend
"Which routing layer is preferred for power stripes in advanced nodes, and why?","Metal 1, because it is closest to transistors","Upper metals (M5-M9+), because they have lower sheet resistance and handle more current","Local interconnect, because it has the best EM margin","Poly, because it runs perpendicular to diffusion",B,backend
What is electromigration (EM) and its primary impact?,Parasitic coupling between wires causing glitches,"Migration of metal atoms due to current density, leading to open or short circuits",Leakage current increasing with temperature,Oxide breakdown under high voltage,B,backend
"In CTS, what is 'useful skew'?",Clock skew introduced unintentionally by buffering,Intentionally introduced clock skew to borrow time for critical paths,Skew between scan and functional clocks,Skew caused by PVT variation,B,backend
What is a multi-corner multi-mode (MCMM) analysis?,Testing the chip in multiple EDA tools,Running STA across different operating modes and PVT corners simultaneously,A routing constraint for multiple metal layers,Verifying DRC at multiple process generations,B,backend
What information is primarily stored in a Liberty (.lib) file?,Cell geometry and pin locations,"Timing, power, and functional characteristics of standard cells",Routing parasitics extracted from layout,Floorplanning constraints and placement rules,B,backend
Why is shielding applied to critical signal nets during routing?,To reduce leakage current through the signal wire,To minimize crosstalk noise by placing power or ground wires adjacent to the signal,To decrease via resistance in multi-layer routing,To improve electromigration reliability of the net,B,backend
What does 'legalization' mean during placement?,Signing off the design with the foundry,Resolving overlapping cells and snapping them to legal grid sites,Removing DRC violations post-routing,Verifying power intent compliance,B,backend
What does routing congestion indicate during physical design?,Excessive power consumption in the design,Routing demand exceeds the available routing resources in a region,Clock skew exceeds allowable limits,Standard cells are violating setup timing,B,backend
"In physical verification, what is the difference between LVS 'short' and 'open'?",Short = net missing connection; Open = two nets incorrectly merged,Short = two nets incorrectly merged in layout; Open = a required connection is missing,Both represent the same class of error,Short applies to poly; Open applies to metal layers only,B,backend
What is 'metal fill' and why is it required?,Filling unused routing tracks with signal wires,Inserting floating metal shapes to meet density rules for CMP planarity,Adding power stripes after routing,Replacing defective vias with redundant ones,B,backend
What does positive setup slack indicate in Static Timing Analysis?,The data path violates hold requirements,Additional timing margin exists before a setup violation occurs,The clock tree contains excessive skew,The path has routing congestion issues,B,backend
What is the significance of the 'critical path' in timing analysis?,The routing path with the most congestion,The combinational logic path with the worst (least positive or most negative) setup slack,The longest metal wire in the design,The path from primary input to primary output with most logic stages,B,backend
What does 'double patterning' refer to in advanced lithography?,Printing two metal layers simultaneously,Splitting a dense layout into two separate lithography exposures to achieve sub-wavelength features,Using two different light wavelengths for exposure,Applying two resist layers for better etch selectivity,B,backend
What is a 'logical equivalence check' (LEC) and at what stage is it performed?,Checking that synthesized/placed netlist is functionally identical to the RTL,Verifying clock tree buffers are symmetric,Confirming that standard cells match their SPICE models,Running DRC on the final GDS,A,backend
What is 'pin access' in the context of detailed routing?,The ability to probe internal nets during test,The routability of reaching a cell pin from the routing grid without violating DRC,Power pin connections defined in the LEF,I/O pad ring accessibility,B,backend
What is a 'well tap cell' and why is it needed in CMOS layouts?,A cell that samples internal voltages for testing,A cell that ties the N-well to VDD and P-substrate to VSS to prevent latch-up,A filler cell with added decoupling capacitance,A cell that sets the body bias voltage,B,backend
Which timing corner is typically used to check for hold violations?,"Slow-slow (SS) corner, low temperature","Fast-fast (FF) corner, low temperature","Typical-typical (TT) corner, 25 degrees C","Slow-fast (SF) corner, high temperature",B,backend
Which cell type is explicitly inserted into layout rows to ensure continuous n-well and substrate bias connectivity across standard cell rows?,Clock Buffers,Filler Cells,Antenna Diodes,Level Shifters,B,backend
What is On-Chip Variation (OCV) in timing analysis?,Voltage drop across power rails during switching,Delay variation caused by manufacturing and environmental differences across the chip,Crosstalk noise between adjacent nets,Variations in clock frequency due to PLL drift,B,backend
Why are multiple vias often inserted between metal layers in critical nets?,To reduce cell placement density,To lower resistance and improve electromigration reliability,To minimize clock skew,To reduce substrate noise coupling,B,backend
"If a design experiences a critical HOLD timing violation right before tape-out, what is the standard, safest physical method to resolve it?",Increase the operational frequency of the master clock.,Insert delay buffers or redundant inverters along the failing data path.,Upsize the driving register's power configuration to speed it up.,Completely re-route the entire chip using fewer metal layers.,B,backend
What is the physical meaning of 'Density Rules' in foundry DRC decks?,The maximum number of standard cells allowed per square millimeter.,"The percentage of metal area relative to total layer area across a step-window, ensuring uniform chemical-mechanical polishing (CMP).",The total number of vias per net segment.,The concentration of dopants injected into the transistor channels.,B,backend
"Which file format contains geometric, structural layout information of standard cells and macros without detailing internal transistor schematics?",SPICE Netlist,LEF (Library Exchange Format),SDC (Synopsys Design Constraints),LIB (.lib format),B,backend
What is the primary role of 'Global Routing' within the overall routing pipeline?,To assign specific geometric coordinates and via positions to every single wire tracking.,To divide the layout into a grid zone map and assign net topologies to global routing bins to optimize global congestion.,To verify layout compliance against the factory DRC handbook.,To fix all localized setup and hold timing failures.,B,backend
What does clock uncertainty represent in Static Timing Analysis (STA)?,Variations in logic gate functionality,Timing margin accounting for clock jitter and skew variations,Delay introduced by routing congestion,Voltage fluctuations in the power grid,B,backend
